MULakeNumber,waterBody,Latitude_waterBody,Longitude_waterBody,Hylak_id,ecoregionID,EPA_L3NAME,waterbody_elevation,waterbody_area_km2,waterbody_perimeter_km,waterbody_elongation_ratio,watershed_area_km2,watershed_perimeter_km,watershed_elongation_ratio,landCover
001,Glover,38.85,-91.89,NA,2,Interior River Valleys and Hills,184,0.153292818,4.717493177,0.3145,25.58492232,31.49434411,0.5958,mixed
002,Pinnacle,38.83,-91.42,1057411,2,Interior River Valleys and Hills,177,0.765586526,9.455827419,0.5165,30.85249253,37.05384426,0.7006,forest
003,Bowling_Green_East,39.34,-91.15,NA,2,Interior River Valleys and Hills,233,0.287128235,5.657155613,0.4444,5.573918211,14.13750671,0.7363,forest
004,Bowling_Green_West,39.34,-91.16,NA,2,Interior River Valleys and Hills,239,0.189437605,3.980676166,0.4841,4.212299131,12.20742614,0.763,forest
005,Lincoln,39.02,-90.92,1057183,2,Interior River Valleys and Hills,160,0.345088974,7.640597978,0.3332,6.399798898,16.67839982,0.5614,forest
006,St_Louis,38.8,-90.77,112421,2,Interior River Valleys and Hills,140,2.963703823,24.82513289,0.3727,235.0432692,160.7277222,0.4622,mixed
007,Kraut_Run,38.74,-90.76,1057503,2,Interior River Valleys and Hills,144,1.092848388,6.892830608,0.547,185.9877303,137.350357,0.5524,mixed
009,Creve_Coeur,38.72,-90.48,112432,2,Interior River Valleys and Hills,116,2.018223378,10.26156392,0.5139,133.1541148,83.23381523,0.6093,urban
010,Northwoods,38.43,-91.48,1057787,3,Ozark Highlands,228,0.509764812,6.384451398,0.5239,6.941795848,15.95853125,0.7693,forest
011,Peaceful_Valley,38.36,-91.54,1057880,3,Ozark Highlands,225,1.041645098,8.052084047,0.4663,20.20863201,27.14108942,0.711,forest
012,Ben_Branch,38.57,-91.79,1057640,3,Ozark Highlands,220,0.258445682,3.522054908,0.5667,5.013442018,11.46860972,0.8529,forest
013,Binder,38.6,-92.3,1057619,2,Interior River Valleys and Hills,184,0.888871377,9.10198253,0.3769,24.82423808,36.09136208,0.7465,mixed
014,Tishomingo,38.32,-90.6,1057931,3,Ozark Highlands,143,0.787146664,10.22868135,0.3622,12.0304159,22.78304303,0.6163,forest
015,Wauwanoka,38.23,-90.53,1058019,3,Ozark Highlands,164,0.611517834,7.398755115,0.4489,8.753423956,16.24469992,0.748,forest
016,Timberline,37.99,-90.54,NA,3,Ozark Highlands,222,0.253390483,4.544846725,0.3846,5.814457231,15.78051823,0.6129,forest
017,Carmel,37.93,-90.64,1058465,3,Ozark Highlands,252,0.360082266,4.843973716,0.5722,3.555595973,11.53035713,0.748,forest
018,Capri,37.9,-90.63,1058489,3,Ozark Highlands,241,0.708449387,6.634315014,0.5883,2.344898742,9.392057375,0.8017,mixed
019,Marseilles,37.9,-90.62,1058493,3,Ozark Highlands,240,0.309574996,3.39911482,0.5769,2.451668025,8.683119775,0.7389,mixed
020,Monsanto,37.81,-90.5,NA,3,Ozark Highlands,272,0.118146484,2.631384929,0.4806,3.485371414,9.842081348,0.7393,forest
021,Goose_Creek,37.98,-90.32,112563,3,Ozark Highlands,198,2.056316552,18.17078628,0.3886,27.93671881,35.15108758,0.633,forest
022,Ann,37.95,-90.21,1058424,3,Ozark Highlands,145,0.536280768,6.441655084,0.36,17.78329789,23.57487657,0.6741,forest
023,Wanda_Lee,37.94,-90.24,1058446,3,Ozark Highlands,145,0.632646647,7.059301768,0.4265,48.5055658,59.13182482,0.5317,forest
024,Fredricktown_City,37.58,-90.31,1058822,3,Ozark Highlands,211,0.51539162,5.82272877,0.4496,186.2998424,134.8702266,0.6888,forest
025,Perry_County,37.72,-89.91,1058660,2,Interior River Valleys and Hills,147,0.594618924,6.885485447,0.4574,15.2505636,27.19480791,0.5921,agriculture
026,Bella_Vista,37.47,-89.58,1058926,2,Interior River Valleys and Hills,121,0.278448012,3.113032295,0.5496,2.667612748,9.087808142,0.6254,forest
027,Boutin,37.45,-89.49,NA,2,Interior River Valleys and Hills,145,0.125688495,2.327953157,0.5141,0.747978392,4.749057452,0.7545,forest
028,Girardeau,37.28,-89.84,1059122,3,Ozark Highlands,114,0.924327416,8.35485534,0.5261,15.17657605,22.24132952,0.7145,forest
029,Tywappity,37.19,-89.64,1059243,2,Interior River Valleys and Hills,116,0.272878733,4.630509254,0.5781,2.344142652,8.040937382,0.8289,forest
030,Wappapello,36.93,-90.28,9294,3,Ozark Highlands,70,49.6938923,388.8379165,0.2145,4546.0992,1041.708161,0.5725,forest
031,Beaver,36.8,-90.62,NA,3,Ozark Highlands,167,0.087740198,1.449155922,0.5708,1.472434644,6.304873918,0.7328,forest
032,Ripley,36.66,-90.96,NA,3,Ozark Highlands,198,0.110293709,1.835026041,0.6745,0.912836304,5.24674602,0.6962,forest
033,Fourche_Creek,36.64,-91.05,1059636,3,Ozark Highlands,170,0.299978234,4.086569198,0.4428,33.10062322,35.29510442,0.7395,forest
034,McCormack,36.82,-91.35,NA,3,Ozark Highlands,180,0.056923983,1.192381948,0.5276,14.84996104,24.20667735,0.6026,forest
035,Miller_Community,37.05,-90.9,NA,3,Ozark Highlands,258,0.167787356,2.091733778,0.6067,1.983972903,7.477005758,0.7007,forest
036,Clearwater,37.13,-90.77,112722,3,Ozark Highlands,122,10.43494654,55.19748927,0.4214,2957.747076,704.5647527,0.6714,forest
037,Lower_Taum_Sauk,37.5,-90.84,1058895,3,Ozark Highlands,215,1.058259832,10.34847504,0.4004,352.4445072,152.8145845,0.7804,forest
038,Killarney,37.59,-90.56,1058810,3,Ozark Highlands,239,0.394119332,6.280275287,0.3818,183.3215518,122.6184516,0.6553,forest
039,Council_Bluff,37.73,-90.91,112606,3,Ozark Highlands,321,2.780444013,22.10528037,0.4421,55.17123624,41.79942415,0.816,forest
040,Sunnen,37.95,-90.93,1058426,3,Ozark Highlands,247,1.342504284,10.5382709,0.4049,98.23775855,69.86866322,0.7038,forest
041,Rocky_Fork,39.07,-92.31,1057104,1,Central Irregular Plains,212,0.369626714,4.541826372,0.4696,23.05343706,40.39834418,0.7232,mixed
042,TriCity_Community,39.19,-92.21,NA,1,Central Irregular Plains,251,0.183984831,3.122352461,0.5212,2.419397769,9.443413161,0.742,agriculture
043,DC_Rogers,39.15,-92.71,1057018,2,Interior River Valleys and Hills,199,1.315123279,11.30875345,0.4679,17.70363886,27.79448516,0.6131,mixed
044,Peters,39.17,-92.73,1057007,2,Interior River Valleys and Hills,199,0.420631104,5.741164275,0.4114,10.05431763,18.26325343,0.7263,forest
045,Nehai_Tonkayea,39.59,-92.89,112259,1,Central Irregular Plains,215,1.555720379,17.52963411,0.4667,7.637439192,15.15972397,0.6715,mixed
046,Thomas_Hill,39.55,-92.64,9207,1,Central Irregular Plains,168,27.41235074,111.4957268,0.3247,611.2199617,220.5467739,0.4436,agriculture
047,Sugar_Creek,39.47,-92.48,112285,1,Central Irregular Plains,215,2.098120087,23.67186246,0.429,50.79200729,52.93886269,0.6243,agriculture
048,Long_Branch,39.75,-92.52,112223,1,Central Irregular Plains,226,18.89049324,137.0580346,0.297,447.5241824,233.8591588,0.4149,agriculture
049,Macon,39.75,-92.49,1056312,1,Central Irregular Plains,228,1.293940938,11.63960378,0.4086,11.14973138,24.59093809,0.7947,mixed
050,Spring,40.1,-92.68,1055923,1,Central Irregular Plains,221,0.599557584,7.204452437,0.4305,12.81614205,21.3776532,0.6807,forest
051,Mahoney,40.5,-93.02,112053,1,Central Irregular Plains,283,0.516884967,7.456804471,0.3654,11.30285066,20.43893412,0.7978,agriculture
052,Thunderhead,40.53,-93.02,NA,1,Central Irregular Plains,280,6.031031391,55.01818261,0.2745,103.5945268,78.94426847,0.5461,agriculture
053,Memphis_City,40.45,-92.2,1055589,1,Central Irregular Plains,209,0.288001694,4.886382406,0.4539,7.18006982,22.55262478,0.6616,agriculture
054,Ella_Ewing,40.34,-92.01,NA,1,Central Irregular Plains,218,0.080348552,1.805523948,0.6313,1.531074892,6.382753389,0.7201,agriculture
055,Baring_Country_Club,40.23,-92.2,1055761,1,Central Irregular Plains,231,0.592063179,6.568694083,0.6855,3.922894462,15.4674338,0.7036,agriculture
056,Edina_City,40.19,-92.18,1055801,1,Central Irregular Plains,222,0.352804653,4.852725841,0.3799,311.5642781,210.0542383,0.3548,agriculture
057,Deer_Ridge,40.18,-91.83,1055822,1,Central Irregular Plains,195,0.313543903,5.018206888,0.4005,2.815611107,9.180769277,0.6617,forest
058,Wakonda,40.01,-91.51,112172,2,Interior River Valleys and Hills,119,1.455446467,11.71807372,0.6202,14.49110731,25.82375275,0.7241,agriculture
059,Shelbina,39.73,-92.04,1056341,1,Central Irregular Plains,218,0.357341811,5.002295504,0.5462,2.271001676,10.29724675,0.6147,agriculture
060,Monroe_City,39.62,-91.73,1056469,2,Interior River Valleys and Hills,209,0.408943565,5.70380656,0.5928,22.01232953,32.69169707,0.585,agriculture
061,Vandalia_Community,39.24,-91.54,NA,1,Central Irregular Plains,226,0.2366902,6.549813455,0.4388,3.191932322,10.87654041,0.6096,agriculture
062,Tebo,38.61,-93.29,1057611,1,Central Irregular Plains,251,0.483164827,5.055641162,0.5101,21.38737098,33.04158003,0.5869,agriculture
063,Spring_Fork,38.57,-93.24,1057641,1,Central Irregular Plains,259,0.852993945,5.17224867,0.5925,46.46057241,50.56656192,0.5836,agriculture
064,Odessa_Lower,38.97,-93.99,1057242,1,Central Irregular Plains,241,0.586236719,6.849293893,0.5478,15.71738405,23.64719999,0.7441,agriculture
065,Tapawingo,39.02,-94.32,1057184,1,Central Irregular Plains,250,0.555750031,7.473510531,0.4616,8.617342718,16.25508351,0.678,urban
066,Prairie_Lee,38.94,-94.33,1057277,1,Central Irregular Plains,251,0.964329699,9.854809127,0.4954,54.97295222,42.18886293,0.8314,urban
067,Lotawana,38.94,-94.25,112403,1,Central Irregular Plains,252,3.262839795,26.61706549,0.3849,28.47635326,29.06843254,0.8279,mixed
068,Longview,38.92,-94.47,112406,1,Central Irregular Plains,259,6.38399361,36.60797596,0.4365,194.1864206,104.2374908,0.8292,mixed
069,Harrisonville,38.76,-94.33,112425,1,Central Irregular Plains,265,2.780010517,24.76670996,0.4714,47.73719624,55.2730055,0.6694,agriculture
070,North,38.69,-94.36,1057539,1,Central Irregular Plains,280,0.250893656,3.467470335,0.4719,10.83841132,18.14157385,0.6481,agriculture
071,Waukomis,39.23,-94.63,1056933,6,Western Corn Belt Plains,269,0.513385356,7.521400548,0.4491,8.510490659,16.39198832,0.712,urban
072,Smithville,39.4,-94.55,9219,6,Western Corn Belt Plains,250,52.59838072,260.372811,0.3013,887.9739421,271.4896529,0.5181,agriculture
073,Rocky_Hollow,39.36,-94.28,NA,1,Central Irregular Plains,241,0.114041773,2.442714633,0.3622,14.46079487,24.20593351,0.5595,agriculture
074,Watkins_Mill,39.39,-94.26,1056724,1,Central Irregular Plains,262,0.591444401,6.570835233,0.4355,14.13494931,24.8531524,0.5801,mixed
075,Sugar,39.55,-95.05,112269,6,Western Corn Belt Plains,229,2.689225762,12.87991357,0.4566,10.02340047,20.91267322,0.5632,mixed
076,Contrary_Oxbow,39.72,-94.91,112225,6,Western Corn Belt Plains,221,0.397193173,7.932281503,0.2614,53.63815507,51.80977614,0.6643,agriculture
077,Allaman,39.66,-94.21,NA,1,Central Irregular Plains,281,0.041117273,1.016663536,0.6126,1.128944888,5.971199221,0.7168,mixed
078,Hamilton_City,39.74,-94.03,1056317,1,Central Irregular Plains,275,0.52286732,6.329471364,0.4707,10.29551302,17.92032204,0.7392,agriculture
079,Breckenridge_City,39.78,-93.81,NA,1,Central Irregular Plains,244,0.090354312,1.794415355,0.4884,2.754243193,8.85258749,0.6856,agriculture
080,Viking,39.94,-94.06,112187,1,Central Irregular Plains,245,3.806702519,35.35712122,0.4557,62.52053024,44.94676071,0.8249,agriculture
081,Pony_Express,39.8,-94.38,1056245,1,Central Irregular Plains,286,1.755429362,19.45252817,0.5011,21.74935703,29.31212383,0.8052,agriculture
082,Maysville,39.88,-94.38,1056147,1,Central Irregular Plains,267,0.263607285,4.361846097,0.4031,13.58825346,21.31970727,0.7221,agriculture
083,Bethany_North,40.31,-94.03,1055707,1,Central Irregular Plains,271,0.345926426,4.738151634,0.495,5.011454464,12.66870802,0.6332,agriculture
084,Paho,40.4,-93.65,1055628,1,Central Irregular Plains,279,1.652855598,16.23712455,0.4645,20.82039928,29.97584974,0.6759,agriculture
085,Marie,40.49,-93.55,1055550,1,Central Irregular Plains,283,0.352525558,5.896403123,0.6205,2.455515597,7.730888573,0.7651,mixed
086,New_Milan,40.2,-93.1,1055796,1,Central Irregular Plains,259,0.257869179,3.430176869,0.4982,4.65272801,12.26553734,0.6793,mixed
087,Brookfield,39.8,-93.03,1056258,1,Central Irregular Plains,229,0.741431489,6.831233088,0.5091,4.872594617,12.08642677,0.7298,agriculture
088,Marceline_South,39.66,-93,1056415,1,Central Irregular Plains,223,1.097388096,10.80556994,0.4142,17.5422468,23.3872721,0.6713,agriculture
089,Truman,38.26,-93.41,796,3,Ozark Highlands,186,324.2058285,1474.349409,0.2813,3940.225132,809.5211097,0.6199,mixed
090,Montrose,38.31,-93.92,112488,1,Central Irregular Plains,215,9.509570339,47.29712702,0.4559,601.4064224,203.3993089,0.7096,agriculture
091,Atkinson,38.01,-94.05,112557,1,Central Irregular Plains,200,2.834351779,14.706148840000001,0.5472,29.63345208,34.0043646,0.707,agriculture
092,Pomme_De_Terre,37.9,-93.32,9268,3,Ozark Highlands,238,49.94478379,261.713032,0.3764,2582.182042,477.6680002,0.5964,agriculture
093,Stockton,37.69,-93.77,9273,3,Ozark Highlands,240,161.126742,586.3035989,0.3743,4496.59105,691.7290522,0.7558,agriculture
094,Lamar_City,37.48,-94.26,1058918,1,Central Irregular Plains,287,0.956268158,8.931250739,0.4738,9.725246424,25.31946467,0.4988,agriculture
095,McDaniel,37.29,-93.31,1059103,3,Ozark Highlands,334,1.400175523,14.08542546,0.3036,75.27305143,82.60957825,0.6409,agriculture
096,Fellows,37.32,-93.23,112679,3,Ozark Highlands,359,5.131369584,31.73564439,0.4117,80.86547082,62.31580305,0.6527,mixed
097,Springfield,37.11,-93.26,1059328,3,Ozark Highlands,340,1.868119485,23.56899318,0.3003,1079.387896,329.3469815,0.5737,mixed
098,Table_Rock,36.6,-93.31,NA,3,Ozark Highlands,184,13.4136918,166.5129738,0.1593,1353.144508,299.8314687,0.56,forest
099,Taneycomo,36.66,-93.12,NA,3,Ozark Highlands,184,13.4136918,166.5129738,0.1593,1353.144508,299.8314687,0.56,forest
100,Bull_Shoals,36.53,-92.6,808,3,Ozark Highlands,131,282.0420498,1508.367091,0.2403,3999.432098,507.2404422,0.6542,forest
101,Norfork,36.59,-92.29,9322,3,Ozark Highlands,118,117.6205297,630.5756991,0.251,7049.674503,763.8987764,0.6819,forest
102,Noblett,36.91,-92.1,NA,3,Ozark Highlands,265,0.1732526,3.208272607,0.3683,100.2760173,65.75927103,0.6404,forest
104,Sims_Valley,37.01,-91.85,1059402,3,Ozark Highlands,365,0.266436455,2.994187622,0.637,3.890596737,10.21471654,0.8026,forest
105,Austin,37.16,-92.19,NA,3,Ozark Highlands,438,0.134268327,1.82033252,0.6081,2.518343362,8.525680038,0.7131,agriculture
106,Roby,37.52,-92.12,NA,3,Ozark Highlands,370,0.065542011,1.215506073,0.7027,2.34365999,8.526328508,0.7816,forest
107,Ziske,37.65,-91.51,1058752,3,Ozark Highlands,347,0.177502873,3.128794342,0.5401,2.478499374,9.684079387,0.7464,forest
108,Turner,37.65,-91.51,NA,3,Ozark Highlands,347,0.098461707,1.730456165,0.5189,3.01347398,10.47490752,0.7687,forest
109,Loggers,37.39,-91.26,NA,3,Ozark Highlands,299,0.132468765,2.505422777,0.4879,10.99735549,18.60822752,0.7724,forest
110,Little_Prairie,38,-91.69,1058375,3,Ozark Highlands,304,0.633402854,5.539861077,0.608,10.54904316,21.9119497,0.7917,forest
111,Indian_Hills,38.11,-91.46,112542,3,Ozark Highlands,256,1.999815275,17.37543267,0.3661,62.53188116,51.2501509,0.6821,mixed
112,Shayne,37.9,-90.64,1058490,3,Ozark Highlands,257,0.494771324,5.669722681,0.6295,3.348201411,10.61574006,0.7673,mixed
113,Pape_Concordia,38.93,-93.58,1057287,1,Central Irregular Plains,208,1.800759201,17.69547636,0.4789,35.55079214,41.95555371,0.6889,agriculture
114,Henry_Sever,40.01,-91.98,1056018,1,Central Irregular Plains,202,1.054978879,12.11118175,0.4395,14.13576694,22.64688205,0.715,agriculture
115,Hunnewell,39.71,-91.86,1056359,2,Interior River Valleys and Hills,197,1.617225657,22.35038074,0.4542,9.674286001,17.82705031,0.7807,agriculture
116,Jacomo,38.99,-94.31,112394,1,Central Irregular Plains,237,6.696384868,37.74553951,0.391,47.42464512,54.60837505,0.8383,mixed
117,Little_Dixie,38.91,-92.12,1057331,1,Central Irregular Plains,241,1.335356412,9.823053769,0.4429,15.83803727,28.74476581,0.6334,agriculture
118,Raintree,38.84,-94.38,1057406,1,Central Irregular Plains,275,1.658248123,17.65159292,0.4864,32.13977269,35.75943399,0.7805,mixed
119,Sterling_Price,39.4,-92.84,NA,1,Central Irregular Plains,206,0.151982313,2.014077414,0.5452,3.206542056,10.71704652,0.6764,agriculture
120,Winnebago,38.82,-94.36,1057422,1,Central Irregular Plains,270,1.814158419,18.5335027,0.4,53.59989766,63.93152971,0.6092,agriculture
121,Higginsville,39.06,-93.67,1057132,6,Western Corn Belt Plains,219,0.987538057,9.277952731,0.5295,20.40882938,28.1259586,0.715,agriculture
122,Lewistown,40.1,-91.82,NA,NA,NA,NA,NA,NA,NA,NA,NA,NA,NA
123,Shelbyville,39.81,-92.05,1056241,1,Central Irregular Plains,217,0.209724433,3.576285365,0.4356,7.791532402,20.46143611,0.5522,agriculture
124,Wyconda,40.4,-91.91,NA,NA,NA,NA,NA,NA,NA,NA,NA,NA,NA
127,Clarence_East,39.75,-92.23,NA,1,Central Irregular Plains,238,0.137241074,2.635349545,0.4077,2.685929871,10.68862854,0.6791,agriculture
128,Clarence_West,39.75,-92.24,NA,1,Central Irregular Plains,238,0.236157759,4.37781329,0.5179,1.824268608,7.571338226,0.796,agriculture
129,LaBelle_City_East,40.09,-91.9,1055940,1,Central Irregular Plains,204,0.730897983,9.172880379,0.3863,9.833022739,19.4068634,0.6158,agriculture
130,LaPlata_East,40.01,-92.43,1056012,1,Central Irregular Plains,259,0.615622994,7.164250214,0.4635,3.853759639,16.13142315,0.6225,agriculture
131,Hazel_Creek,40.3,-92.63,112111,1,Central Irregular Plains,243,3.60618607,28.62414954,0.4386,36.21622609,38.58281126,0.75,agriculture
132,Lancaster_City_South,40.52,-92.55,1055519,1,Central Irregular Plains,270,0.298101795,3.970452456,0.5054,3.486220589,9.587449422,0.7896,agriculture
133,Forest,40.17,-92.65,112141,1,Central Irregular Plains,226,4.028261163,36.62440085,0.36870000000000003,65.29724186,59.38485608,0.7148,forest
134,Jamesport_City,39.99,-93.81,NA,1,Central Irregular Plains,272,0.113702641,2.003875091,0.6064,6.098992877,13.50045372,0.7064,agriculture
135,Trenton_Upper_East,40.08,-93.58,NA,NA,NA,NA,NA,NA,NA,NA,NA,NA,NA
137,Green_City,40.26,-92.92,1055740,1,Central Irregular Plains,300,0.390443648,6.773200554,0.4702,6.598481636,16.04789787,0.5642,agriculture
139,Marceline_North,39.72,-92.92,1056344,1,Central Irregular Plains,239,0.463850311,5.335582784,0.3845,13.39105734,26.15608154,0.484,agriculture
140,Cameron_Century,39.76,-94.26,NA,1,Central Irregular Plains,283,0.14529614,2.402226105,0.4352,6.987055371,15.18452307,0.6787,agriculture
141,Showme,40.44,-92.22,1055598,1,Central Irregular Plains,219,1.767707417,18.59302556,0.4979,18.86990029,30.29303664,0.6679,agriculture
143,Bethany_South,40.29,-94.02,NA,1,Central Irregular Plains,269,0.120804022,1.970857274,0.644,1.500374976,6.315864301,0.8221,mixed
144,Pinewoods,36.92,-90.77,NA,3,Ozark Highlands,235,0.205939277,2.462809455,0.5666,0.995598773,5.006938476,0.806,forest
145,Mark_Twain,39.52,-91.65,9209,2,Interior River Valleys and Hills,159,137.6122023,804.0101858,0.3713,9861.198517,1486.717801,0.517,agriculture
146,Crane,37.42,-90.63,1058980,3,Ozark Highlands,246,0.702050068,6.46242143,0.5319,34.27278336,37.50914047,0.6228,forest
148,Blue_Springs,39.01,-94.34,112389,1,Central Irregular Plains,237,4.312821555,22.76161658,0.4258,88.30396709,66.72912282,0.7784,mixed
149,Lake_of_the_Ozarks,38.2,-92.62,797,3,Ozark Highlands,145,335.4952351,1912.66008,0.2036,7011.208407,1171.317695,0.6519,forest
150,Blind_Pony,39.03,-93.37,1057168,6,Western Corn Belt Plains,208,1.036381616,8.844511574,0.425,33.37879993,37.58743853,0.7835,agriculture
152,Lafayette,37.89,-90.59,1058494,3,Ozark Highlands,228,0.234174109,3.684712885,0.4669,3.170814295,9.845752277,0.7034,forest
155,Weatherby,39.23,-94.7,1056932,6,Western Corn Belt Plains,246,1.251687252,13.56600122,0.4062,19.44141954,25.4608411,0.6921,urban
157,Holden_City,38.76,-94.03,112429,1,Central Irregular Plains,243,1.900131984,12.77174597,0.5334,15.09525732,25.28174178,0.7033,agriculture
158,Amarugia_Highlands_WA,38.54,-94.43,NA,1,Central Irregular Plains,254,0.272248569,5.297017746,0.4826,6.218855582,13.3433066,0.7771,agriculture
159,Harmony_Mission_CA,38.07,-94.43,1058269,1,Central Irregular Plains,258,0.608439111,6.059789162,0.5021,10.28609696,22.12439118,0.7,agriculture
160,Four_Rivers,38.02,-94.34,1058354,1,Central Irregular Plains,222,0.671084807,5.243786755,0.418,9.778481137,23.01510906,0.5182,agriculture
161,Bushwacker,37.67,-94.41,1058711,1,Central Irregular Plains,249,0.980745901,8.558375582,0.4085,17.07461641,25.70917346,0.6228,agriculture
162,Maple_Leaf,38.99,-93.78,1057221,6,Western Corn Belt Plains,232,0.915371476,10.500857,0.4765,11.25001002,23.70385315,0.6675,agriculture
163,King,40.02,-94.44,1056008,1,Central Irregular Plains,279,1.410430261,8.167976425,0.5122,79.59316672,55.79139879,0.6909,agriculture
164,Elmwood,40.22,-93.12,1055770,1,Central Irregular Plains,255,1.368391135,12.46085441,0.3862,2.017593453,9.370531726,0.6429,mixed
165,Jackrabbit,38.89,-94.32,1057352,1,Central Irregular Plains,297,0.189709466,3.399406443,0.5832,2.045469541,10.06798887,0.7412,agriculture
166,Catclaw,38.89,-94.32,1057351,1,Central Irregular Plains,295,0.269748422,3.546518105,0.6582,2.609294383,13.08798467,0.7939,agriculture
167,Cottontail,38.88,-94.32,NA,1,Central Irregular Plains,292,0.159084232,2.982735357,0.5548,2.343941389,13.3534369,0.5626,agriculture
168,Nell,38.88,-94.32,NA,1,Central Irregular Plains,295,0.173087349,2.706604701,0.6594,2.166736969,7.947913435,0.7362,mixed
169,Gopher,38.87,-94.31,1057369,1,Central Irregular Plains,288,0.25828589,3.955385484,0.5299,2.077918365,11.3109318,0.5921,mixed
170,Coot,38.87,-94.34,NA,1,Central Irregular Plains,292,0.138700968,2.067487885,0.7103,1.878215676,7.678185076,0.6692,mixed
178,Daniel_Boone,39.79,-92.26,112214,1,Central Irregular Plains,216,1.97463077,17.51694623,0.367,65.76108873,46.64295955,0.7445,agriculture
179,Nodaway_County,40.43,-94.86,1055604,6,Western Corn Belt Plains,321,0.500449036,4.888312641,0.4895,5.04246298,15.37389884,0.6876,agriculture
180,Bilby_Ranch,40.35,-95.13,1055671,6,Western Corn Belt Plains,293,0.762030634,7.192275574,0.4958,12.4317014,24.42875593,0.6737,agriculture
181,Mozingo,40.35,-94.78,112102,6,Western Corn Belt Plains,308,6.968410001,41.11450742,0.3022,92.17688084,83.44371036,0.4276,agriculture
182,Fox_Valley,40.5,-91.77,1055538,1,Central Irregular Plains,180,0.73596182,9.133542831,0.4812,8.49884781,17.20093003,0.7809,forest
183,Hazel_Hill,38.85,-93.78,1057396,1,Central Irregular Plains,225,0.420489876,4.771416313,0.5081,10.24904956,22.70225338,0.6577,agriculture
184,Manito,38.59,-92.81,1057625,3,Ozark Highlands,257,0.491892406,5.061458126,0.527,9.818925664,16.18077393,0.7924,agriculture
185,Harrison_County,40.4,-94.09,1055629,1,Central Irregular Plains,283,2.108384467,16.10854105,0.4,73.10867099,58.25196322,0.5395,agriculture
186,Carl_DiSalvo,37.73,-90.63,1058652,3,Ozark Highlands,293,1.389536543,10.27066482,0.4884,68.03601904,57.13928739,0.5531,forest
187,Belcher_Branch,39.58,-94.73,NA,6,Western Corn Belt Plains,260,0.30632258,3.864892681,0.5524,7.547544172,14.39685685,0.7473,agriculture
188,Big_Oak,36.64,-89.29,NA,4,Mississippi Alluvial Plain,92,0.205857308,1.611742524,0.9927,0.865605192,4.007980049,0.7628,wetland
189,Butler_City,38.28,-94.43,1057959,1,Central Irregular Plains,240,0.359936664,4.433064216,0.4104,13.18138614,24.80081692,0.6028,agriculture
190,Charity,40.48,-95.58,NA,6,Western Corn Belt Plains,284,0.065475118,3.353274341,0.2347,7.875389262,17.2255095,0.6091,forest
191,Indian_Creek,39.9,-93.7,1056123,1,Central Irregular Plains,239,1.369274786,13.90692846,0.4314,21.0750925,33.43293985,0.8103,mixed
192,Jo_Shelby,39.72,-93.32,NA,1,Central Irregular Plains,215,0.193816154,3.971151883,0.4762,2.079163227,8.262063687,0.7304,agriculture
193,Busch_37,38.71,-90.79,NA,NA,NA,NA,NA,NA,NA,NA,NA,NA,NA
194,Lawson_City,39.45,-94.2,NA,1,Central Irregular Plains,311,0.076933488,1.951152395,0.7395,0.967743626,5.661811958,0.6563,agriculture
195,Limpp,40.06,-94.54,NA,1,Central Irregular Plains,309,0.188558803,2.654867597,0.5256,5.974208035,11.96012883,0.8076,agriculture
196,Lone_Jack,38.89,-94.19,NA,1,Central Irregular Plains,283,0.209813985,3.655629475,0.5402,3.626371835,9.458383858,0.795,agriculture
197,Prairie,38.71,-90.69,NA,2,Interior River Valleys and Hills,165,0.148936221,2.344111933,0.5713,2.266114361,8.384491925,0.77,forest
198,Ray_County,39.31,-93.99,NA,1,Central Irregular Plains,226,0.154962256,2.822440865,0.6151,2.63504925,9.293938506,0.6315,agriculture
199,Rothwell,39.42,-92.46,NA,1,Central Irregular Plains,247,0.168781848,4.893952019,0.3779,4.702209564,12.34760303,0.7226,urban
200,Savannah_City,39.95,-94.86,NA,6,Western Corn Belt Plains,311,0.129608443,2.126407413,0.6432,4.064033981,10.39079085,0.8086,agriculture
201,Upper_Big,36.95,-89.36,1059445,4,Mississippi Alluvial Plain,67,0.633034637,4.381057758,0.4556,78.15429558,72.24413964,0.5151,agriculture
202,Whiteside,39.17,-91.01,NA,2,Interior River Valleys and Hills,225,0.152482281,2.91491777,0.534,2.045107086,8.366142752,0.7158,mixed
203,Willow_Brook,39.87,-94.38,NA,1,Central Irregular Plains,268,1.032602524,10.6475172,0.3797,19.53251058,28.79000603,0.7333,agriculture
204,Worth_County,40.4,-94.52,NA,1,Central Irregular Plains,318,0.117345117,2.436746567,0.4732,1.752997465,7.832567598,0.5731,agriculture
211,Cameron_Sunrise,39.76,-94.26,1056296,1,Central Irregular Plains,278,0.217264557,3.17163827,0.4888,7.867644987,14.95372073,0.732,urban
212,Grindstone,39.77,-94.29,NA,1,Central Irregular Plains,260,1.435871544,9.562165509,0.57,92.2215915,53.46314749,0.8389,agriculture
213,Cameron_Eagle,39.77,-94.27,1056285,1,Central Irregular Plains,268,0.63185262,6.511175489,0.4095,7.724126082,17.12128875,0.7409,agriculture
214,Bennitt,39.24,-92.46,NA,2,Interior River Valleys and Hills,234,0.317989976,5.817910492,0.5268,4.356198774,11.29278414,0.7132,forest
215,White,39.33,-91.86,NA,1,Central Irregular Plains,222,0.069023899,1.455113752,0.5997,0.845435436,4.624696795,0.6843,agriculture
216,Big_Whetstone,38.97,-91.73,NA,2,Interior River Valleys and Hills,232,0.161338608,3.758218554,0.5291,1.41057927,9.457643845,0.6433,mixed
217,Windy_Whetstone,38.96,-91.73,NA,NA,NA,NA,NA,NA,NA,NA,NA,NA,NA
218,Bucklin_City,39.77,-92.88,NA,1,Central Irregular Plains,257,0.120326635,1.851839095,0.5861,1.970449609,7.925692121,0.7597,agriculture
219,Dairy_1,38.99,-92.49,NA,2,Interior River Valleys and Hills,235,0.093105823,1.703614416,0.6223,1.157513663,6.10220336,0.7092,agriculture
220,Dairy_3,38.99,-92.47,NA,NA,NA,NA,NA,NA,NA,NA,NA,NA,NA
221,Edina_Section_7,40.18,-92.16,NA,1,Central Irregular Plains,229,0.065941237,1.570116227,0.4481,0.293606681,3.495113666,0.7777,mixed
222,Ewing,40.02,-91.72,1056005,1,Central Irregular Plains,174,0.260847496,4.760783733,0.4389,4.955438684,14.9882334,0.5997,mixed
223,Greenly_Farms,40.02,-92.19,NA,1,Central Irregular Plains,239,0.118760057,2.262919724,0.4349,1.760661401,7.302998443,0.6968,agriculture
224,Happy_Holler,40.03,-94.73,NA,6,Western Corn Belt Plains,282,0.46706001,8.213280178,0.5203,15.4722676,23.3988514,0.6319,agriculture
225,Higbee_Railroad,39.31,-92.52,NA,1,Central Irregular Plains,265,0.11000308,2.415485037,0.6308,0.911971143,4.307337317,0.7642,mixed
226,Higbee_City,39.31,-92.5,NA,1,Central Irregular Plains,249,0.089890151,1.940376828,0.5698,4.259690927,11.66901696,0.7738,mixed
227,Horseshoe,38.94,-91.72,NA,1,Central Irregular Plains,241,0.029933725,0.840664665,0.7945,0.232407424,3.811722384,0.6379,mixed
228,Jamesport_Community,40,-93.84,NA,1,Central Irregular Plains,245,0.183567143,2.211950031,0.6968,2.168216285,7.812668339,0.6559,agriculture
229,King_City_West,40.06,-94.51,NA,1,Central Irregular Plains,312,0.059597119,1.518569672,0.6498,1.148642548,5.406777538,0.7033,agriculture
230,King_City_East,40.06,-94.51,NA,1,Central Irregular Plains,309,0.168612702,2.276258761,0.5901,2.550545429,11.59849054,0.5734,agriculture
231,LaPlata_West,40.02,-92.47,NA,NA,NA,NA,NA,NA,NA,NA,NA,NA,NA
232,Lick_Creek,39.15,-92.38,NA,1,Central Irregular Plains,226,0.071961909,1.65653146,0.5315,1.664536797,6.981916025,0.7282,forest
233,Linneus,39.89,-93.2,NA,1,Central Irregular Plains,228,0.11512703,2.094319304,0.5509,3.690065812,10.92548379,0.7244,agriculture
234,Malta_Bend,39.18,-93.39,NA,6,Western Corn Belt Plains,222,0.02336079,0.683970421,0.6075,0.088095932,1.282460764,0.768,mixed
235,Redman,39.87,-94.37,NA,1,Central Irregular Plains,273,0.084008312,2.540842683,0.7012,0.735967366,4.865895481,0.7176,agriculture
236,McCredie,38.95,-91.91,NA,1,Central Irregular Plains,249,0.064505023,1.332355494,0.6436,1.047224462,6.312649819,0.6512,agriculture
237,Milan_North,40.2,-93.1,NA,1,Central Irregular Plains,259,0.099604362,1.655908402,0.5895,6.164439083,13.96479618,0.6523,agriculture
238,Monroe_Route_J,39.61,-91.67,1056486,2,Interior River Valleys and Hills,196,0.637240818,8.908023792,0.3269,33.04996248,39.74992262,0.6567,agriculture
239,LaBelle_City_West,40.09,-91.91,NA,1,Central Irregular Plains,202,0.127663642,2.116991487,0.5653,1.016433424,5.377024622,0.6661,agriculture
240,North_Whetstone,38.98,-91.73,NA,2,Interior River Valleys and Hills,229,0.048017648,1.112175898,0.6093,0.409603539,4.427560494,0.885,mixed
241,Phillips,38.9,-92.29,1057344,1,Central Irregular Plains,226,0.273858938,3.034849284,0.5383,2.449591049,9.55449583,0.6162,mixed
242,Pike,39.95,-93.67,NA,1,Central Irregular Plains,243,0.118398619,2.487110787,0.4929,1.874525351,8.607057143,0.5541,forest
243,Pin_Oak,37.44,-94.57,NA,1,Central Irregular Plains,286,0.054248387,1.454806593,0.5786,1.648164182,6.759699395,0.685,agriculture
244,Pine_Ridge,39.4,-92.8,NA,1,Central Irregular Plains,192,0.172651145,3.671721139,0.4991,2.47569552,8.894969475,0.7544,agriculture
245,Poosey_17,39.92,-93.72,NA,NA,NA,NA,NA,NA,NA,NA,NA,NA,NA
246,Poosey_18,39.93,-93.71,NA,NA,NA,NA,NA,NA,NA,NA,NA,NA,NA
247,Poosey_20,39.93,-93.7,NA,NA,NA,NA,NA,NA,NA,NA,NA,NA,NA
248,Johnson,38.78,-92.6,NA,3,Ozark Highlands,243,0.090462442,1.414199172,0.72,0.739625032,7.6235520470000004,0.9497,forest
249,Reform_1,38.76,-91.8,NA,NA,NA,NA,NA,NA,NA,NA,NA,NA,NA
250,Santa_Fe,40.04,-92.48,NA,1,Central Irregular Plains,267,0.202077678,3.604771277,0.6486,1.944329811,7.958578926,0.7365,agriculture
251,Sears_Community,40.26,-93.08,NA,1,Central Irregular Plains,273,0.223237772,4.558041626,0.4492,1.437373744,6.603055854,0.7034,forest
252,South_Farm,38.9,-92.28,NA,1,Central Irregular Plains,239,0.050902734,0.999587792,0.6506,0.934692935,5.449089978,0.724,agriculture
253,Tobacco_Hill,39.42,-94.8,NA,6,Western Corn Belt Plains,271,0.105395934,2.132182994,0.572,0.924601082,5.370220623,0.7548,mixed
254,Walter,39.07,-91.63,NA,2,Interior River Valleys and Hills,235,0.038147513,1.00684569,0.514,0.897756223,4.615924102,0.8183,forest
255,Watershed,40.3,-91.93,NA,NA,NA,NA,NA,NA,NA,NA,NA,NA,NA
256,Wellsville_City,39.04,-91.58,NA,2,Interior River Valleys and Hills,218,0.084376251,1.913070298,0.5696,1.152186484,6.048017557,0.6621,agriculture
257,Whitesell,39.07,-91.63,NA,2,Interior River Valleys and Hills,237,0.042715048,1.251065069,0.5046,0.709395695,4.616121592,0.6283,forest
258,Winegar,38.48,-92.4,NA,2,Interior River Valleys and Hills,206,0.054648917,1.197731245,0.5403,0.741295949,4.991223309,0.6873,forest
260,Busch_16,38.71,-90.76,NA,NA,NA,NA,NA,NA,NA,NA,NA,NA,NA
261,Adrian_City,38.39,-94.34,1057854,1,Central Irregular Plains,254,0.327448655,4.975023939,0.5664,3.44696793,13.05640389,0.5914,agriculture
263,Brays,37.89,-91.78,1058496,3,Ozark Highlands,270,0.644091871,6.016341649,0.5759,5.027530559,12.05016121,0.6748,forest
264,Drexel_City,38.47,-94.61,NA,1,Central Irregular Plains,297,0.137442026,2.499552143,0.4422,19.48657964,27.78965333,0.6827,agriculture
265,Drexel_Reservoir,38.46,-94.61,1057743,1,Central Irregular Plains,294,0.283719004,3.414302352,0.5619,3.785459775,11.62622856,0.7459,agriculture
266,Garden_City,38.52,-94.17,1057680,1,Central Irregular Plains,259,0.267594047,3.566480956,0.4625,7.293843209,17.69239758,0.6556,agriculture
267,Niangua,37.94,-92.85,1058456,3,Ozark Highlands,210,1.671995237,17.65921769,0.3993,2444.555539,441.5173481,0.6481,forest
268,Nims,37.64,-90.33,1058764,3,Ozark Highlands,250,1.624345265,15.30500409,0.3243,21.13424051,33.33980188,0.4907,forest
269,Shepherd_Mountain,37.59,-90.66,NA,3,Ozark Highlands,290,0.148117782,2.661032141,0.4663,13.36798461,26.36180331,0.5777,forest
270,Vandalia,39.38,-91.41,NA,2,Interior River Valleys and Hills,206,0.186612763,5.104796268,0.3429,24.73049211,30.46194572,0.6935,agriculture
271,Palmer,37.82,-90.92,1058556,3,Ozark Highlands,335,0.660083791,7.538002108,0.541,6.170183841,14.11197431,0.8006,forest
272,Perry,39.42,-91.67,1056684,2,Interior River Valleys and Hills,198,0.124310299,1.504848487,0.7299,12.75989571,23.2339271,0.7345,agriculture
273,Odessa_Upper,38.97,-93.98,NA,1,Central Irregular Plains,241,0.145404822,2.931499123,0.5217,10.40425496,20.46610769,0.6827,agriculture
274,Alpine,38.75,-91.08,1057467,2,Interior River Valleys and Hills,177,1.55043065,15.35765182,0.5179,4.899736175,11.96144344,0.7078,forest
275,Ascencio,39.34,-94.86,NA,6,Western Corn Belt Plains,271,0.007938596,0.547064234,0.4399,0.956990909,4.679855329,0.7553,agriculture
276,Ashland,38.76,-92.21,NA,2,Interior River Valleys and Hills,217,0.094341961,2.454030884,0.3668,15.95121303,32.79330795,0.4156,agriculture
277,Aspen,38.76,-91.04,1057480,2,Interior River Valleys and Hills,195,0.879162855,8.37086271,0.4727,22.30803721,36.52832325,0.7442,forest
278,Aspenetter,38.76,-91.03,NA,1,Central Irregular Plains,196,0.050400449,1.234986215,0.5877,1.615749337,7.983484815,0.6261,mixed
279,Autumn,38.21,-92.71,NA,3,Ozark Highlands,201,0.026755891,0.842142338,0.5314,0.449001648,3.423665108,0.6522,forest
280,Sherwood_Big_Lake,38.66,-90.99,1057560,2,Interior River Valleys and Hills,167,1.129085528,18.26861714,0.5071,18.9699248,24.33586232,0.7917,forest
281,Buteo,38.75,-93.58,NA,1,Central Irregular Plains,237,0.046245919,1.445002135,0.4269,2.241447464,8.387853237,0.6916,urban
282,Cardinal,38.76,-91.01,NA,1,Central Irregular Plains,222,0.022934095,1.014429418,0.3701,2.71342024,8.717865175,0.8031,agriculture
283,Castlenovo,38.77,-91.05,NA,2,Interior River Valleys and Hills,204,0.03786303,1.417705454,0.4535,0.773427199,4.384171579,0.6947,forest
284,Charrette,38.77,-91.02,NA,1,Central Irregular Plains,226,0.079349106,1.428518439,0.7018,1.348139359,5.518966061,0.7362,mixed
285,Clearfork,38.75,-93.6,NA,1,Central Irregular Plains,231,0.098627461,2.424128642,0.5163,1.081386101,6.142055544,0.6597,forest
286,Crystal,39.36,-94.19,1056766,1,Central Irregular Plains,254,0.664974588,7.375975942,0.3876,60.86802929,61.53497505,0.6081,agriculture
287,Doniphan_Lower,38.32,-94.2,NA,1,Central Irregular Plains,254,0.664974588,7.375975942,0.3876,60.86802929,61.53497505,0.6081,agriculture
288,Doniphan_Upper,39.33,-94.2,NA,1,Central Irregular Plains,267,0.043101685,1.029601276,0.5542,2.158393773,7.580325884,0.6785,mixed
289,Eleanor,38.67,-90.97,NA,2,Interior River Valleys and Hills,167,1.129085528,18.26861714,0.5071,18.9699248,24.33586232,0.7917,forest
290,Eureka,38.52,-90.64,NA,3,Ozark Highlands,150,0.007328616,0.35314155,0.6992,0.059101997,1.378172754,0.5883,forest
291,Foxtail,38.77,-91.02,NA,1,Central Irregular Plains,230,0.019891169,0.756470058,0.5393,0.277625511,2.935614004,0.6967,forest
292,Good_Oak,38.2,-92.72,NA,3,Ozark Highlands,205,0.106838494,1.972016532,0.564,1.261776849,5.669600407,0.7069,forest
293,Innsbrook,38.77,-91.05,1057463,2,Interior River Valleys and Hills,199,0.245495023,5.037283971,0.3883,6.560706261,19.15495639,0.5628,forest
294,January_Wabash,38.75,-90.31,NA,2,Interior River Valleys and Hills,166,0.026212535,0.758820702,0.6175,0.585878063,4.124202079,0.6456,urban
295,Jennings,38.74,-90.26,NA,2,Interior River Valleys and Hills,137,0.033522248,1.082430395,0.787,0.451422412,3.999844875,0.6283,urban
296,Konstanz,38.76,-91.07,NA,2,Interior River Valleys and Hills,224,0.096333931,1.712378135,0.5307,0.496622361,3.149789768,0.824,forest
297,Lake_of_the_Woods,39,-94.52,NA,1,Central Irregular Plains,244,0.046144794,1.341383681,0.5164,5.292703065,12.99108504,0.6436,urban
298,Ste_Louise,38.8,-90.79,1057440,2,Interior River Valleys and Hills,153,0.476783948,5.616907576,0.4355,4.129694826,14.35303607,0.5754,urban
299,Lakeview,39.15,-91.89,1057023,1,Central Irregular Plains,241,0.163566305,2.206302541,0.5145,2.64111633,10.82450595,0.5588,mixed
300,Lucern,38.78,-91.06,NA,2,Interior River Valleys and Hills,201,0.284955692,3.946875898,0.4831,2.141517281,10.93087985,0.7207,forest
301,Penn_Valley,39.08,-94.59,NA,1,Central Irregular Plains,255,0.008920918,0.45006046,0.5333,0.026269445,0.817718485,0.5666,urban
302,Red_Fox,38.77,-91.03,NA,1,Central Irregular Plains,221,0.006695282,0.386096448,0.6315,0.720340961,5.506273444,0.6815,forest
304,Robin_Hood,38.67,-90.99,NA,2,Interior River Valleys and Hills,167,1.129085528,18.26861714,0.5071,18.9699248,24.33586232,0.7917,forest
305,Scheffborg,38.79,-91.06,NA,2,Interior River Valleys and Hills,215,0.080047745,1.565505235,0.523,7.83883832,18.05942884,0.606,forest
306,Simpson,38.56,-90.46,1057651,3,Ozark Highlands,82,0.421918811,3.86022385,0.6187,1266.098221,479.6894078,0.6928,forest
307,St_Gallen,38.75,-91.03,NA,1,Central Irregular Plains,227,0.168686967,3.308081248,0.3999,3.543547963,10.44260603,0.6842,forest
308,Stephens,38.95,-92.31,NA,2,Interior River Valleys and Hills,205,0.03639986,0.796308029,0.7465,0.176658456,2.555924019,0.6036,urban
309,Sugar_Hollow,38.67,-90.98,NA,2,Interior River Valleys and Hills,167,1.129085528,18.26861714,0.5071,18.9699248,24.33586232,0.7917,forest
310,Treeline,38.19,-92.74,1058076,3,Ozark Highlands,197,0.194210823,3.096308048,0.5649,1.769154335,7.018963892,0.7246,forest
311,Troost,39.08,-94.56,NA,1,Central Irregular Plains,279,0.01457333,0.670178832,0.4815,0.555834917,3.825166941,0.6947,urban
312,Trophy,38.77,-91.03,NA,1,Central Irregular Plains,226,0.003987445,0.344915631,0.4622,0.077265846,1.694021334,0.5197,forest
313,Wanderfern,38.77,-91.07,NA,2,Interior River Valleys and Hills,195,0.266574323,4.058070337,0.4336,11.1721903,21.38726233,0.5548,forest
314,Waterworks,39.42,-92.46,NA,1,Central Irregular Plains,252,0.13711203,4.512957324,0.4526,2.568914805,9.400087986,0.7025,mixed
315,Whippoorwill,38.77,-91.03,NA,1,Central Irregular Plains,211,0.029299059,0.934138528,0.4977,0.742623289,4.467066221,0.703,forest
316,Wood,39,-92.22,NA,1,Central Irregular Plains,264,0.095095397,2.029536509,0.5539,3.161457635,11.21471508,0.6185,agriculture
317,Buffalo_Bill,39.82,-94.38,1056231,1,Central Irregular Plains,289,0.298741581,4.250992481,0.4445,8.559877014,17.10105755,0.7442,agriculture
320,Quarry_Heights,38.94,-92.34,NA,2,Interior River Valleys and Hills,199,0.002737193,0.273890049,0.4965,11.12110906,18.15697716,0.7697,urban
322,Whitecliff,38.56,-90.37,NA,2,Interior River Valleys and Hills,160,0.003939329,0.303166526,0.5392,0.246017148,3.541457986,0.4949,urban
323,Wyandote,39.17,-94.78,NA,NA,NA,NA,NA,NA,NA,NA,NA,NA,NA
400,Woodrail,38.92,-92.36,NA,NA,NA,NA,NA,NA,NA,NA,NA,NA,NA
402,Flat_Creek,36.66,-93.89,NA,NA,NA,NA,NA,NA,NA,NA,NA,NA,NA
403,Mallard,38.7,-90.49,1057529,2,Interior River Valleys and Hills,116,0.231548508,2.949971892,0.5463,118.7531754,76.95557635,0.6639,urban
404,Novus,38.71,-90.68,NA,2,Interior River Valleys and Hills,163,0.006325851,0.330354307,0.7204,0.050110776,1.274180127,0.6275,urban
405,Pierson,39.07,-94.71,NA,NA,NA,NA,NA,NA,NA,NA,NA,NA,NA
406,Riss,39.2,-94.68,1056965,6,Western Corn Belt Plains,243,0.873962613,9.757056597,0.5681,9.0516470000000009,19.38740992,0.6161,urban
407,Roaring_River,36.56,-93.77,NA,NA,NA,NA,NA,NA,NA,NA,NA,NA,NA
408,Big_Eleven,39.12,-94.64,NA,NA,NA,NA,NA,NA,NA,NA,NA,NA,NA
409,Carondelet_Boathouse,38.56,-90.27,NA,2,Interior River Valleys and Hills,137,0.023907521,0.909063073,0.5599,0.068785094,1.981634508,0.6522,urban
410,Caswell,38.9,-92.35,NA,2,Interior River Valleys and Hills,205,0.138864577,2.671446756,0.4764,3.686796438,12.63801391,0.7026,urban
411,Cedar,38.9,-92.35,NA,2,Interior River Valleys and Hills,205,0.138864577,2.671446756,0.4764,3.686796438,12.63801391,0.7026,urban
412,Barry_Harbor,39.24,-94.6,NA,6,Western Corn Belt Plains,304,0.029387151,0.916705727,0.5866,0.266674567,3.771781194,0.7127,urban
413,Jaycee,38.56,-92.27,NA,2,Interior River Valleys and Hills,232,0.053497637,1.278827415,0.6105,0.573004585,4.800978824,0.5672,mixed
414,Crowder,40.1,-93.66,NA,NA,NA,NA,NA,NA,NA,NA,NA,NA,NA
415,Ethel,39.89,-92.75,NA,NA,NA,NA,NA,NA,NA,NA,NA,NA,NA
416,Leisure_Grundy_Co,40.11,-93.73,NA,NA,NA,NA,NA,NA,NA,NA,NA,NA,NA
417,Middle_Fork_Water,40.29,-94.43,NA,NA,NA,NA,NA,NA,NA,NA,NA,NA,NA
418,Bass,38.84,-91.77,NA,NA,NA,NA,NA,NA,NA,NA,NA,NA,NA
419,Butterfly,37.79,-90.93,NA,NA,NA,NA,NA,NA,NA,NA,NA,NA,NA
420,Daizy_Valley,38.47,-91.39,1057725,3,Ozark Highlands,211,0.262229857,3.815502981,0.4717,4.165770592,15.72627356,0.7275,forest
421,Leisure_Callaway_Co,38.9,-91.82,NA,NA,NA,NA,NA,NA,NA,NA,NA,NA,NA
422,Lochaweeno,38.83,-91.76,NA,NA,NA,NA,NA,NA,NA,NA,NA,NA,NA
423,Port_Hudson,38.47,-91.27,NA,3,Ozark Highlands,208,0.34741956,3.68059122,0.6859,4.275579931,11.88130898,0.7281,forest
424,Iron_Mountain,37.69,-90.62,NA,NA,NA,NA,NA,NA,NA,NA,NA,NA,NA
425,Kellogg,37.19,-94.29,NA,NA,NA,NA,NA,NA,NA,NA,NA,NA,NA
426,Potosi,37.88,-90.68,NA,NA,NA,NA,NA,NA,NA,NA,NA,NA,NA
427,Primrose,37.99,-90.56,NA,NA,NA,NA,NA,NA,NA,NA,NA,NA,NA
428,Sayersbrook,37.99,-90.93,NA,NA,NA,NA,NA,NA,NA,NA,NA,NA,NA
429,Wahoo,38,-90.55,NA,NA,NA,NA,NA,NA,NA,NA,NA,NA,NA
430,Bluestem,38.87,-94.32,NA,NA,NA,NA,NA,NA,NA,NA,NA,NA,NA
431,Bodarc,38.87,-94.32,NA,NA,NA,NA,NA,NA,NA,NA,NA,NA,NA
432,Harrisonville_City,38.66,-94.34,NA,1,Central Irregular Plains,281,0.197576692,3.602184657,0.5048,3.600607373,10.10918673,0.734,agriculture
433,Luna,38.66,-94.35,NA,1,Central Irregular Plains,277,0.141421605,2.493201344,0.524,1.63598802,12.46397126,0.6223,urban
434,Sever_Lake_North,40.26,-92.15,NA,NA,NA,NA,NA,NA,NA,NA,NA,NA,NA
435,Hurdland_Severs,40.11,-92.29,NA,1,Central Irregular Plains,258,0.09312349,1.445608067,0.7356,2.795449011,9.687310567,0.6401,agriculture
436,Finger_Lake,39.09,-92.32,NA,1,Central Irregular Plains,212,0.298430377,9.955981469,0.3129,7.002655669,23.42893084,0.5305,mixed
437,Thunderbird_Lower,38.81,-91.81,NA,2,Interior River Valleys and Hills,193,0.112056431,2.724036576,0.3903,1.87766203,11.51618211,0.6872,forest
438,Bethel,38.9,-92.34,NA,2,Interior River Valleys and Hills,217,0.041192357,0.815045438,0.7977,0.13269318,1.695728225,0.6803,urban
439,Cheney,37.73,-97.79,NA,NA,NA,429,NA,NA,NA,NA,NA,NA,NA
440,Crow_Pond,38.89,-91.74,NA,1,Central Irregular Plains,250,0.011857584,0.470265889,0.7259,0.024844751,0.717224903,0.6953,open_water
441,Montauk,37.46,-91.68,NA,3,Ozark Highlands,295,0.003106405,0.346389913,0.4277,0.024569451,0.88113959100000006,0.5331,forest
442,Callaway_Fork,38.68,-90.85,1057546,2,Interior River Valleys and Hills,167,0.899079514,11.55182215,0.2907,55.70314021,70.30538788,0.4996,mixed
443,Spanish,38.8,-90.2,NA,2,Interior River Valleys and Hills,303,0.139254809,1.86233774,0.5969,0.758468016,5.191168719,0.6536,mixed
444,Cole,38.02,-90.57,NA,NA,NA,NA,NA,NA,NA,NA,NA,NA,NA
445,Rock_Lake_Village,38.89,-94.07,NA,1,Central Irregular Plains,303,0.130911103,2.67316929,0.6087,0.758699884,5.274773321,0.6537,mixed
446,Sakatah,44.22,-93.56,NA,NA,NA,306,3.59,NA,NA,NA,NA,NA,NA
447,Black_Hawk,42.3,-95.04,NA,NA,NA,374,NA,NA,NA,NA,NA,NA,NA
450,Marion,38.37,-90.76,NA,3,Ozark Highlands,180,0.027805541,0.864655639,0.5351,0.570705987,3.984884236,0.6835,forest
451,Serene,38.41,-90.78,1057809,3,Ozark Highlands,149,0.361754411,4.023202375,0.6614,5.637080263,13.13927339,0.7083,forest
453,Lafayette_Park,38.62,-90.22,NA,2,Interior River Valleys and Hills,155,0.003100205,0.241810347,0.7619,0.003100205,0.241810347,0.7619,urban
454,Cedar_Hill_Lake_1,38.33,-90.65,NA,3,Ozark Highlands,153,0.068260911,1.665219639,0.4677,1.814783705,7.286232354,0.7288,forest
455,West_Arrowhead,39.48,-94.31,1056612,1,Central Irregular Plains,275,0.685015888,6.74484465,0.4053,34.98853631,35.87301272,0.624,agriculture
456,Timberland,37.92,-93.97,NA,1,Central Irregular Plains,243,0.025981119,0.857269154,0.6014,5.72571743,14.85927172,0.6373,agriculture
457,OFallon_Park,38.68,-90.22,NA,2,Interior River Valleys and Hills,147,0.028584728,0.748508178,0.6496,0.397560802,3.312841899,0.6913,urban
458,Crystal_Morgan,38.39,-92.95,NA,NA,NA,267,NA,NA,NA,NA,NA,NA,NA
459,Fon_du_Lac,38.49,-90.47,1057711,3,Ozark Highlands,145,0.160000213,2.273877693,0.5048,2.671439783,9.141635987,0.6814,urban
460,Houston,39.19,-94.62,NA,6,Western Corn Belt Plains,247,0.110893661,2.863769314,0.465,6.096361178,14.13083331,0.7307,urban
461,See_Tal,38.69,-91.44,NA,2,Interior River Valleys and Hills,171,0.086443633,1.584669507,0.6598,1.014237393,5.316230093,0.7239,forest
462,Tilles_Park,38.62,-90.36,NA,2,Interior River Valleys and Hills,154,0.008495836,0.396162585,0.6995,0.204658821,2.476695755,0.6551,urban
469,Lakeview_KS,39.01,-95.3,NA,NA,NA,257,NA,NA,NA,NA,NA,NA,NA
470,WestArrowhead_Howell,36.65651,-91.88801,NA,NA,NA,NA,NA,NA,NA,NA,NA,NA,NA
ACT,Acton,NA,NA,NA,NA,NA,NA,NA,NA,NA,NA,NA,NA,NA
BAR,Barco,NA,NA,NA,NA,NA,NA,NA,NA,NA,NA,NA,NA,NA
CHA,Chautauqua,NA,NA,NA,NA,NA,NA,NA,NA,NA,NA,NA,NA,NA
CRA,Crampton,NA,NA,NA,NA,NA,NA,NA,NA,NA,NA,NA,NA,NA
ELA,239,NA,NA,NA,NA,NA,NA,NA,NA,NA,NA,NA,NA,NA
GL4,Green Lake 4,NA,NA,NA,NA,NA,NA,NA,NA,NA,NA,NA,NA,NA
GRP,Great Pond,NA,NA,NA,NA,NA,NA,NA,NA,NA,NA,NA,NA,NA
LIR,Little Rock,NA,NA,NA,NA,NA,NA,NA,NA,NA,NA,NA,NA,NA
LOC,The Loch,NA,NA,NA,NA,NA,NA,NA,NA,NA,NA,NA,NA,NA
MHK,Mohonk,NA,NA,NA,NA,NA,NA,NA,NA,NA,NA,NA,NA,NA
OST,Otsego,NA,NA,NA,NA,NA,NA,NA,NA,NA,NA,NA,NA,NA
PRL,Prairie Lake,NA,NA,NA,NA,NA,NA,NA,NA,NA,NA,NA,NA,NA
PRP,Prairie Pothole,NA,NA,NA,NA,NA,NA,NA,NA,NA,NA,NA,NA,NA
SAL,Salmon,NA,NA,NA,NA,NA,NA,NA,NA,NA,NA,NA,NA,NA
SHL,Shelburne,NA,NA,NA,NA,NA,NA,NA,NA,NA,NA,NA,NA,NA
SUG,Suggs,NA,NA,NA,NA,NA,NA,NA,NA,NA,NA,NA,NA,NA
